USE stamp;

/* ---------------------------------------------------- */
/*  Generated by Enterprise Architect Version 13.0 		*/
/*  Created On : 13-Aug-2017 5:07:10 PM 				*/
/*  DBMS       : MySql 						*/
/* ---------------------------------------------------- */

SET FOREIGN_KEY_CHECKS=0;

/* Truncate 44 Tables */

#1
TRUNCATE TABLE `availability`;
INSERT INTO stamp.availability(id, name) VALUES
('1', 'Alta (7 horas diarias approx.)'),
('2', 'Media (4 horas diarias approx.)'),
('3', 'Baja (2 horas diarias approx.)');

#2
TRUNCATE TABLE `banner`;

#3
TRUNCATE TABLE `category`;
INSERT INTO category(id, name) VALUES
('1', 'Gobierno en Linea - Datos Abiertos'),
('2', 'Gobierno en Linea - Requisitos de Participacion'),
('3', 'Servicios en Linea'),
('4', 'Gestion de TI');

#4
TRUNCATE TABLE `chats`;

#5
TRUNCATE TABLE `city`;

#6
TRUNCATE TABLE `config`;

#7
TRUNCATE TABLE `contact`;

#8
TRUNCATE TABLE `country`;

#9
TRUNCATE TABLE `evaluation_request`;

#10
TRUNCATE TABLE `faq`;

#11
#TRUNCATE TABLE `form`;
#INSERT INTO form(id, name, id_category) VALUES
#('1', 'Etapa Listar', '1'),
#('2', 'Etapa Preparar', '1'),
#('3', 'Etapa Agregar', '1'),
#('4', 'Etapa Entregar', '1'),
#('5', 'Etapa Conservar', '1'),

#('6', 'Etapa Listar', '2'),
#('7', 'Etapa Preparar', '2'),
#('8', 'Etapa Agregar', '2'),
#('9', 'Etapa Entregar', '2'),
#('10', 'Etapa Conservar', '2'),

#('11', 'Etapa Listar', '3'),
#('12', 'Etapa Preparar', '3'),
#('13', 'Etapa Agregar', '3'),
#('14', 'Etapa Entregar', '3'),
#('15', 'Etapa Conservar', '3'),

#('16', 'Etapa Listar', '4'),
#('17', 'Etapa Preparar', '4'),
#('18', 'Etapa Agregar', '4'),
#('19', 'Etapa Entregar', '4'),
#('20', 'Etapa Conservar', '4');

#12
TRUNCATE TABLE `hall_of_fame`;

#13
TRUNCATE TABLE `hangouts`;

#14
TRUNCATE TABLE `institution`;

#15
TRUNCATE TABLE `institution_user`;

#16
TRUNCATE TABLE `media`;

#17
TRUNCATE TABLE `message`;

#18
TRUNCATE TABLE `message_media`;

#19
TRUNCATE TABLE `message_votes`;

#20
TRUNCATE TABLE `motives`;

#21
TRUNCATE TABLE `permission`;
INSERT INTO permission(id, name) VALUES
('1', 'Platform'),
('2', 'Evaluate'),
('3', 'Manage_users'),
('4', 'Manage_services'),
('5', 'Forum');

#22
TRUNCATE TABLE `permission_role`;
INSERT INTO permission_role(id_role, id_permission) VALUES
('1', '1'),
('1', '5'),
('2', '1'),
('2', '2'),
('2', '5'),
('3', '1'),
('3', '2'),
('3', '3'),
('3', '4'),
('3', '5'),
('4', '1'),
('4', '4'),
('4', '5');

#23
TRUNCATE TABLE `points`;

#24
TRUNCATE TABLE `question`;

#25
TRUNCATE TABLE `questiontopic`;
INSERT INTO questiontopic(id, id_category, name) VALUES
('1', '1', 'Comunicacion Digital'),
('2', '1', 'Conocimiento y Uso'),
('3', '1', 'Estrategia Digital'),
('4', '1', 'Gobernanza TI'),
('5', '1', 'Seguimiento y Control'),
('6', '1', 'Talento Digital'),

('7', '2', 'Comunicacion Digital'),
('8', '2', 'Conocimiento y Uso'),
('9', '2', 'Estrategia Digital'),
('10','2', 'Gobernanza Digital'),
('11','2', 'Seguimiento y Control'),
('12','2', 'Talento Digital'),

('13','3', 'Conocimiento y Uso'),
('14','3', 'Estrategia Digital'),
('15','3', 'Gobernanza Digital'),
('16','3', 'Seguimiento y Control'),
('17','3', 'Talento Digital');

#26
TRUNCATE TABLE `region`;

#27
TRUNCATE TABLE `request_status`;
INSERT INTO request_status(id, name) VALUES
('1', 'Pendiente'),
('2', 'Solicitado'),
('3', 'Aceptado'),
('4', 'Rechazado');

#28
TRUNCATE TABLE `role`;
INSERT INTO role(id, name) VALUES
('1', 'Ciudadano'),
('2', 'Evaluador'),
('3', 'Administrador'),
('4', 'Entidad');

#29
TRUNCATE TABLE `service`;

#30
TRUNCATE TABLE `service_comment`;

#31
TRUNCATE TABLE `service_status`;

#32
TRUNCATE TABLE `session`;

#33
TRUNCATE TABLE `social`;

#34
TRUNCATE TABLE `status`;
INSERT INTO status(id, name) VALUES
('1', 'Verificación'),
('2', 'Asignación'),
('3', 'Aceptación'),
('4', 'Retirado'),
('5', 'Evaluación'),
('6', 'Retroalimentación'),
('7', 'Cierre'),
('8', 'Aprobado'),
('9', 'Rechazado');

#35
TRUNCATE TABLE `topic`;

#36
TRUNCATE TABLE `type`;
INSERT INTO type(id, name) VALUES
('1', 'Abierta'),
('2', 'Opción Múltiple'),
('3', 'Requisito');

#37
TRUNCATE TABLE `type_banner`;
INSERT INTO type_banner(id, name) VALUES
('1', 'Foto y Texto'),
('2', 'Foto y Sombra'),
('3', 'Video y Texto');

#38
TRUNCATE TABLE `type_document`;
INSERT INTO type_document(id, name) VALUES
('1', 'Cédula de Ciudadanía'),
('2', 'Pasaporte'),
('3', 'Cédula de Extranjería');

#39
TRUNCATE TABLE `user`;

#40
TRUNCATE TABLE `user_answer`;

#41
TRUNCATE TABLE `user_category`;

#42
TRUNCATE TABLE `user_questiontopic`;

#43
TRUNCATE TABLE `user_role`;

#44
TRUNCATE TABLE `usertype`;
INSERT INTO usertype(id, name) VALUES
('1', 'Usuario'),
('2', 'Experto');

#requisito = requisito + sustentación legal + justificación + criterio + evidencia + ayuda + adjunto

/**
INSERT INTO stamp.questiontopic(id, id_category, name) VALUES
('1', ,'Comunicación Digital'),
('2','Estrategia Digital'),
('3','Gobernanza Digital'),
('4','Talento Digital'),
('5','Gobernanza T.I'),
('6','Conocimiento y Uso'),
('7','Seguimiento y Control'),
('8','Gestión de T.I');
*/

SET FOREIGN_KEY_CHECKS=1;
